Workbook

Sheet Inbound - Compras
A1: order_id | B1: supplier | C1: order_date | D1: dispatch_date | E1: receipt_date | F1: quantity_ordered | G1: transport_cost | H1: lead_time_days | I1: transport_lead_time
A2: OC001 | B2: AlphaSup | C2: 45658 | D2: 45660 | E2: 45664 | F2: 120 | G2: 420 | H2: =E2-C2 -> 6 | I2: =D2-C2 -> 2
A3: OC002 | B3: BetaLog | C3: 45659 | D3: 45663 | E3: 45669 | F3: 80 | G3: 520 | H3: =E3-C3 -> 10 | I3: =D3-C3 -> 4
A4: OC003 | B4: GammaInd | C4: 45660 | D4: 45664 | E4: 45673 | F4: 200 | G4: 680 | H4: =E4-C4 -> 13 | I4: =D4-C4 -> 4
A5: OC004 | B5: DeltaCorp | C5: 45661 | D5: 45662 | E5: 45666 | F5: 150 | G5: 460 | H5: =E5-C5 -> 5 | I5: =D5-C5 -> 1
A6: OC005 | B6: EpsilonSA | C6: 45662 | D6: 45667 | E6: 45675 | F6: 90 | G6: 610 | H6: =E6-C6 -> 13 | I6: =D6-C6 -> 5
A7: OC006 | B7: ZetaTrade | C7: 45663 | D7: 45665 | E7: 45671 | F7: 110 | G7: 500 | H7: =E7-C7 -> 8 | I7: =D7-C7 -> 2
A8: OC007 | B8: EtaSupply | C8: 45664 | D8: 45666 | E8: 45672 | F8: 130 | G8: 540 | H8: =E8-C8 -> 8 | I8: =D8-C8 -> 2
A9: OC008 | B9: ThetaInd | C9: 45665 | D9: 45669 | E9: 45678 | F9: 170 | G9: 720 | H9: =E9-C9 -> 13 | I9: =D9-C9 -> 4
A10: OC009 | B10: AlphaSup | C10: 45666 | D10: 45668 | E10: 45672 | F10: 140 | G10: 430 | H10: =E10-C10 -> 6 | I10: =D10-C10 -> 2
A11: OC010 | B11: BetaLog | C11: 45667 | D11: 45671 | E11: 45677 | F11: 75 | G11: 515 | H11: =E11-C11 -> 10 | I11: =D11-C11 -> 4
A12: OC011 | B12: GammaInd | C12: 45668 | D12: 45672 | E12: 45681 | F12: 210 | G12: 700 | H12: =E12-C12 -> 13 | I12: =D12-C12 -> 4
A13: OC012 | B13: DeltaCorp | C13: 45669 | D13: 45670 | E13: 45674 | F13: 160 | G13: 470 | H13: =E13-C13 -> 5 | I13: =D13-C13 -> 1
... A101: OC100 | B101: DeltaCorp | C101: 45757 | D101: 45758 | E101: 45762 | F101: 210 | G101: 515 | H101: =E101-C101 -> 5 | I101: =D101-C101 -> 1

Sheet Calculated_KPIs
A1: supplier | B1: avg_lead_time | C1: std_lead_time | D1: avg_cost_per_unit | E1: lead_time_norm | F1: cost_norm | G1: weighted_score | H1: rank
A2: {=UNIQUE('Inbound - Compras'!B2:B993)} -> AlphaSup | B2: =IF(A2="","",AVERAGEIF('Inbound - Compras'!B:B,A2,'Inbound - Compras'!H:H)) -> 5.9230769 | C2: =IFERROR(__xludf.DUMMYFUNCTION("IF(A2="""","""",STDEVP(FILTER('Inbound - Compras'!H:H,'Inbound - Compras'!B:B=A2))) "),0.26646935501059654) -> 0.26646936 | D2: =IFERROR(__xludf.DUMMYFUNCTION("IF( A2="""", """", AVERAGE( FILTER( 'Inbound - Compras'!G:G / 'Inbound - Compras'!F:F, 'Inbound - Compras'!B:B = A2 ) ) ) "),3.088588176037938) -> 3.0885882 | E2: =IF(A2="","",(B2-MIN($B$2:$B993))/(MAX($B$2:$B993)-MIN($B$2:$B993))) -> 0.10352265 | F2: =IF(A2="","",(D2-MIN($D$2:$D993))/(MAX($D$2:$D993)-MIN($D$2:$D993))) -> 0.12179913 | G2: =E2*Parameters!$B$2 + F2*Parameters!$B$3 -> 0.34712091 | H2: =IF(A2="","",RANK(G2,$G$2:$G993,TRUE)) -> 2
A3: BetaLog | B3: =IF(A3="","",AVERAGEIF('Inbound - Compras'!B:B,A3,'Inbound - Compras'!H:H)) -> 10 | C3: =IFERROR(__xludf.DUMMYFUNCTION("IF(A3="""","""",STDEVP(FILTER('Inbound - Compras'!H:H,'Inbound - Compras'!B:B=A3))) "),0.0) -> 0 | D3: =IFERROR(__xludf.DUMMYFUNCTION("IF( A3="""", """", AVERAGE( FILTER( 'Inbound - Compras'!G:G / 'Inbound - Compras'!F:F, 'Inbound - Compras'!B:B = A3 ) ) ) "),5.301356065192227) -> 5.3013561 | E3: =IF(A3="","",(B3-MIN($B$2:$B994))/(MAX($B$2:$B994)-MIN($B$2:$B994))) -> 0.56074766 | F3: =IF(A3="","",(D3-MIN($D$2:$D994))/(MAX($D$2:$D994)-MIN($D$2:$D994))) -> 0.85411451 | G3: =E3*Parameters!$B$2 + F3*Parameters!$B$3 -> 2.2689767 | H3: =IF(A3="","",RANK(G3,$G$2:$G994,TRUE)) -> 7
A4: GammaInd | B4: =IF(A4="","",AVERAGEIF('Inbound - Compras'!B:B,A4,'Inbound - Compras'!H:H)) -> 13.769231 | C4: =IFERROR(__xludf.DUMMYFUNCTION("IF(A4="""","""",STDEVP(FILTER('Inbound - Compras'!H:H,'Inbound - Compras'!B:B=A4))) "),0.4213250442347432) -> 0.42132504 | D4: =IFERROR(__xludf.DUMMYFUNCTION("IF( A4="""", """", AVERAGE( FILTER( 'Inbound - Compras'!G:G / 'Inbound - Compras'!F:F, 'Inbound - Compras'!B:B = A4 ) ) ) "),2.9213093366422362) -> 2.9213093 | E4: =IF(A4="","",(B4-MIN($B$2:$B995))/(MAX($B$2:$B995)-MIN($B$2:$B995))) -> 0.98346513 | F4: =IF(A4="","",(D4-MIN($D$2:$D995))/(MAX($D$2:$D995)-MIN($D$2:$D995))) -> 0.06643821 | G4: =E4*Parameters!$B$2 + F4*Parameters!$B$3 -> 1.1163416 | H4: =IF(A4="","",RANK(G4,$G$2:$G995,TRUE)) -> 5
A5: DeltaCorp | B5: =IF(A5="","",AVERAGEIF('Inbound - Compras'!B:B,A5,'Inbound - Compras'!H:H)) -> 5 | C5: =IFERROR(__xludf.DUMMYFUNCTION("IF(A5="""","""",STDEVP(FILTER('Inbound - Compras'!H:H,'Inbound - Compras'!B:B=A5))) "),0.0) -> 0 | D5: =IFERROR(__xludf.DUMMYFUNCTION("IF( A5="""", """", AVERAGE( FILTER( 'Inbound - Compras'!G:G / 'Inbound - Compras'!F:F, 'Inbound - Compras'!B:B = A5 ) ) ) "),2.7205593038913545) -> 2.7205593 | E5: =IF(A5="","",(B5-MIN($B$2:$B996))/(MAX($B$2:$B996)-MIN($B$2:$B996))) -> 0 | F5: =IF(A5="","",(D5-MIN($D$2:$D996))/(MAX($D$2:$D996)-MIN($D$2:$D996))) -> 0 | G5: =E5*Parameters!$B$2 + F5*Parameters!$B$3 -> 0 | H5: =IF(A5="","",RANK(G5,$G$2:$G996,TRUE)) -> 1
A6: EpsilonSA | B6: =IF(A6="","",AVERAGEIF('Inbound - Compras'!B:B,A6,'Inbound - Compras'!H:H)) -> 13 | C6: =IFERROR(__xludf.DUMMYFUNCTION("IF(A6="""","""",STDEVP(FILTER('Inbound - Compras'!H:H,'Inbound - Compras'!B:B=A6))) "),0.0) -> 0 | D6: =IFERROR(__xludf.DUMMYFUNCTION("IF( A6="""", """", AVERAGE( FILTER( 'Inbound - Compras'!G:G / 'Inbound - Compras'!F:F, 'Inbound - Compras'!B:B = A6 ) ) ) "),5.742164400273043) -> 5.7421644 | E6: =IF(A6="","",(B6-MIN($B$2:$B997))/(MAX($B$2:$B997)-MIN($B$2:$B997))) -> 0.89719626 | F6: =IF(A6="","",(D6-MIN($D$2:$D997))/(MAX($D$2:$D997)-MIN($D$2:$D997))) -> 1 | G6: =E6*Parameters!$B$2 + F6*Parameters!$B$3 -> 2.8971963 | H6: =IF(A6="","",RANK(G6,$G$2:$G997,TRUE)) -> 8
A7: ZetaTrade | B7: =IF(A7="","",AVERAGEIF('Inbound - Compras'!B:B,A7,'Inbound - Compras'!H:H)) -> 7.25 | C7: =IFERROR(__xludf.DUMMYFUNCTION("IF(A7="""","""",STDEVP(FILTER('Inbound - Compras'!H:H,'Inbound - Compras'!B:B=A7))) "),0.43301270189221924) -> 0.4330127 | D7: =IFERROR(__xludf.DUMMYFUNCTION("IF( A7="""", """", AVERAGE( FILTER( 'Inbound - Compras'!G:G / 'Inbound - Compras'!F:F, 'Inbound - Compras'!B:B = A7 ) ) ) "),3.8823568863493363) -> 3.8823569 | E7: =IF(A7="","",(B7-MIN($B$2:$B998))/(MAX($B$2:$B998)-MIN($B$2:$B998))) -> 0.25233645 | F7: =IF(A7="","",(D7-MIN($D$2:$D998))/(MAX($D$2:$D998)-MIN($D$2:$D998))) -> 0.38449683 | G7: =E7*Parameters!$B$2 + F7*Parameters!$B$3 -> 1.0213301 | H7: =IF(A7="","",RANK(G7,$G$2:$G998,TRUE)) -> 4
A8: EtaSupply | B8: =IF(A8="","",AVERAGEIF('Inbound - Compras'!B:B,A8,'Inbound - Compras'!H:H)) -> 8 | C8: =IFERROR(__xludf.DUMMYFUNCTION("IF(A8="""","""",STDEVP(FILTER('Inbound - Compras'!H:H,'Inbound - Compras'!B:B=A8))) "),0.0) -> 0 | D8: =IFERROR(__xludf.DUMMYFUNCTION("IF( A8="""", """", AVERAGE( FILTER( 'Inbound - Compras'!G:G / 'Inbound - Compras'!F:F, 'Inbound - Compras'!B:B = A8 ) ) ) "),3.6898996463137728) -> 3.6898996 | E8: =IF(A8="","",(B8-MIN($B$2:$B999))/(MAX($B$2:$B999)-MIN($B$2:$B999))) -> 0.3364486 | F8: =IF(A8="","",(D8-MIN($D$2:$D999))/(MAX($D$2:$D999)-MIN($D$2:$D999))) -> 0.32080312 | G8: =E8*Parameters!$B$2 + F8*Parameters!$B$3 -> 0.97805484 | H8: =IF(A8="","",RANK(G8,$G$2:$G999,TRUE)) -> 3
A9: ThetaInd | B9: =IF(A9="","",AVERAGEIF('Inbound - Compras'!B:B,A9,'Inbound - Compras'!H:H)) -> 13.916667 | C9: =IFERROR(__xludf.DUMMYFUNCTION("IF(A9="""","""",STDEVP(FILTER('Inbound - Compras'!H:H,'Inbound - Compras'!B:B=A9))) "),0.2763853991962832) -> 0.2763854 | D9: =IFERROR(__xludf.DUMMYFUNCTION("IF( A9="""", """", AVERAGE( FILTER( 'Inbound - Compras'!G:G / 'Inbound - Compras'!F:F, 'Inbound - Compras'!B:B = A9 ) ) ) "),3.819862412836084) -> 3.8198624 | E9: =IF(A9="","",(B9-MIN($B$2:$B1000))/(MAX($B$2:$B1000)-MIN($B$2:$B1000))) -> 1 | F9: =IF(A9="","",(D9-MIN($D$2:$D1000))/(MAX($D$2:$D1000)-MIN($D$2:$D1000))) -> 0.36381429 | G9: =E9*Parameters!$B$2 + F9*Parameters!$B$3 -> 1.7276286 | H9: =IF(A9="","",RANK(G9,$G$2:$G1000,TRUE)) -> 6

Sheet Parameters
A1: metric | B1: weight
A2: lead_time | B2: 1
A3: cost | B3: 2

Sheet Report
D1: supplier | E1: avg_lead_time | F1: std_lead_time | G1: avg_cost_per_unit | H1: lead_time_norm | I1: cost_norm | J1: weighted_score | K1: rank
D2: AlphaSup | E2: 5.9230769 | F2: 0.26646936 | G2: 3.0885882 | H2: 0.10352265 | I2: 0.12179913 | J2: 0.34712091 | K2: 2
D3: BetaLog | E3: 10 | F3: 0 | G3: 5.3013561 | H3: 0.56074766 | I3: 0.85411451 | J3: 2.2689767 | K3: 7
D4: DeltaCorp | E4: 5 | F4: 0 | G4: 2.7205593 | H4: 0 | I4: 0 | J4: 0 | K4: 1
D5: EpsilonSA | E5: 13 | F5: 0 | G5: 5.7421644 | H5: 0.89719626 | I5: 1 | J5: 2.8971963 | K5: 8
D6: EtaSupply | E6: 8 | F6: 0 | G6: 3.6898996 | H6: 0.3364486 | I6: 0.32080312 | J6: 0.97805484 | K6: 3
D7: GammaInd | E7: 13.769231 | F7: 0.42132504 | G7: 2.9213093 | H7: 0.98346513 | I7: 0.06643821 | J7: 1.1163416 | K7: 5
D8: ThetaInd | E8: 13.916667 | F8: 0.2763854 | G8: 3.8198624 | H8: 1 | I8: 0.36381429 | J8: 1.7276286 | K8: 6
D9: ZetaTrade | E9: 7.25 | F9: 0.4330127 | G9: 3.8823569 | H9: 0.25233645 | I9: 0.38449683 | J9: 1.0213301 | K9: 4
A12: supplier | B12: avg_lead_time
A13: DeltaCorp | B13: 5
A14: AlphaSup | B14: 5.9230769
A15: ZetaTrade | B15: 7.25
A16: EtaSupply | B16: 8
A17: BetaLog | B17: 10
A18: EpsilonSA | B18: 13
A19: GammaInd | B19: 13.769231
A20: ThetaInd | B20: 13.916667
A22: supplier | B22: avg_cost_per_unit
A23: DeltaCorp | B23: 2.7205593
A24: GammaInd | B24: 2.9213093
A25: AlphaSup | B25: 3.0885882
A26: EtaSupply | B26: 3.6898996
A27: ThetaInd | B27: 3.8198624
A28: ZetaTrade | B28: 3.8823569
A29: BetaLog | B29: 5.3013561
A30: EpsilonSA | B30: 5.7421644
A33: supplier | B33: weighted_score
A34: DeltaCorp | B34: 0
A35: AlphaSup | B35: 0.34712091
A36: EtaSupply | B36: 0.97805484
A37: ZetaTrade | B37: 1.0213301
A38: GammaInd | B38: 1.1163416
A39: ThetaInd | B39: 1.7276286
A40: BetaLog | B40: 2.2689767
A41: EpsilonSA | B41: 2.8971963
